參與者編號,中央結算系統參與者名稱 (*即願意披露的投資者戶口持有人),地址,持股量,佔已發行股份/權證/單位百分比
A00003,中國証券登記結算有限責任公司,17 TAIPING QIAO STREET XICHENG DISTRICT BEIJING CHINA,"151,148,600",14.09%
C00019,香港上海匯豐銀行有限公司,HSBC WEALTH BUSINESS SERVICES 8/F TOWER 2 & 3 HSBC CENTRE 1 SHAM MONG ROAD KOWLOON,"133,273,799",12.42%
A00004,中國証券登記結算有限責任公司,17 TAIPING QIAO STREET XICHENG DISTRICT BEIJING CHINA,"91,218,748",8.50%
B01955,富途證券國際(香港)有限公司,34/F UNITED CENTRE 95 QUEENSWAY ADMIRALTY HONG KONG,"44,505,885",4.14%
B01451,高盛(亞洲)證券有限公司,68TH FLOOR CHEUNG KONG CENTER 2 QUEEN'S ROAD CENTRAL HONG KONG,"39,728,424",3.70%
C00010,花旗銀行,9/F CITI TOWER ONE BAY EAST 83 HOI BUN ROAD KWUN TONG KOWLOON,"23,874,326",2.22%
C00033,中國銀行(香港)有限公司,23/F BANK OF CHINA CENTRE OLYMPIAN CITY 11 HOI FAI ROAD WEST KOWLOON,"20,912,300",1.94%
B01912,核聚證券有限公司,SUITE C 20/F STANDARD CHARTERED BANK BUILDING 4-4A DES VOEUX ROAD CENTRAL CENTRAL HONG KONG,"19,883,897",1.85%
C00039,渣打銀行(香港)有限公司,18/F STANDARD CHARTERED BANK TOWER MILLENNIUM CITY 388 KWUN TONG ROAD KWUN TONG KOWLOON,"9,855,237",0.91%
B01284,恒生證券有限公司,HANG SENG 113 113 ARGYLE STREET MONGKOK KOWLOON,"8,836,700",0.82%
B01901,招銀國際證券有限公司,45/F CHAMPION TOWER 3 GARDEN ROAD CENTRAL HONG KONG,"6,816,190",0.63%
B02065,富中證券有限公司,ROOM 404-405 NAN FUNG TOWER 88 CONNAUGHT ROAD CENTRAL CENTRAL HONG KONG,"6,106,000",0.56%
B01130,中銀國際證券有限公司,22/F GRAND MILLENNIUM PLAZA 181 QUEEN'S ROAD CENTRAL HONG KONG,"5,769,000",0.53%
C00042,招商永隆銀行有限公司,45 DES VOEUX ROAD CENTRAL HONG KONG,"4,775,700",0.44%
B01668,耀才證券國際(香港)有限公司,10/F WING ON HOUSE 71 DES VOEUX ROAD CENTRAL CENTRAL HONG KONG,"4,470,400",0.41%
B01353,大華繼顯(香港)有限公司,6/F HARCOURT HOUSE 39 GLOUCESTER ROAD HONG KONG,"3,106,700",0.28%
C00016,DBS BANK LTD,7/F TWO HARBOUR SQUARE 180 WAI YIP STREET KWUN TONG KOWLOON,"3,100,500",0.28%
B01894,峰匯金融集團有限公司,25/F HENLEY BUILDING 5 QUEEN'S ROAD CENTRAL HONG KONG,"2,798,800",0.26%
B01345,輝立証券(香港)有限公司,11/F UNITED CENTRE 95 QUEENSWAY HONG KONG,"2,714,000",0.25%
B01727,工銀亞洲証券有限公司,2/F ONE HARBOURFRONT 18-22 TAK FUNG ST HUNG HOM KOWLOON,"2,674,400",0.24%
B01274,MORGAN STANLEY HONG KONG SECURITIES LTD,46/F INTERNATIONAL COMMERCE CENTRE 1 AUSTIN ROAD WEST KOWLOON,"2,649,827",0.24%
B01161,UBS SECURITIES HONG KONG LTD,47-52/F TWO INTERNATIONAL FINANCE CENTRE 8 FINANCE STREET CENTRAL HONG KONG,"2,176,087",0.20%
B01829,華泰金融控股(香港)有限公司,62/F THE CENTER 99 QUEEN'S ROAD CENTRAL HONG KONG,"2,000,500",0.18%
B01086,光大證券投資服務(香港)有限公司,28/F LEE GARDEN ONE 33 HYSAN AVENUE CAUSEWAY BAY HONG KONG,"1,947,700",0.18%
B01148,招商證券(香港)有限公司,48/F ONE EXCHANGE SQUARE 8 CONNAUGHT ROAD CENTRAL HONG KONG,"1,833,200",0.17%
C00093,法國巴黎銀行,21/F PCCW TOWER TAIKOO PLACE 979 KING'S ROAD QUARRY BAY HONG KONG,"1,583,128",0.14%
C00002,交通銀行信託有限公司,16/F COS CENTRE 56 TSUN YIP STREET KWUN TONG KOWLOON,"1,577,400",0.14%
C00036,中國建設銀行(亞洲)股份有限公司,20/F CCB CENTRE 18 WANG CHIU ROAD KOWLOON BAY KOWLOON,"1,433,700",0.13%
B01695,大新證券有限公司,SUITE 1910 19/F ISLAND PLACE TOWER 510 KING'S ROAD NORTH POINT HONG KONG,"1,420,800",0.13%
B01826,廣發証券(香港)經紀有限公司,27/F GF TOWER 81 LOCKHART ROAD WAN CHAI HONG KONG,"1,417,500",0.13%
B01584,致富證券有限公司,5/F WORLD-WIDE HOUSE 19 DES VOEUX ROAD CENTRAL CENTRAL HONG KONG,"1,384,200",0.12%
C00088,招商銀行股份有限公司,28/F THREE EXCHANGE SQUARE 8 CONNAUGHT PLACE CENTRAL HONG KONG,"1,344,300",0.12%
B01322,華通證券國際有限公司,SUITES 3605-6 36/F TOWER 6 THE GATEWAY HARBOUR CITY KOWLOON,"1,300,800",0.12%
B01904,華盛資本証券有限公司,ROOM 3606 36/F CHINA MERCHANTS TOWER SHUN TAK CENTRE 168-200 CONNAUGHT ROAD CENTRAL HONG KONG,"1,300,000",0.12%
B01183,創興證券有限公司,2/F CHONG HING BANK CENTRE 24 DES VOEUX ROAD CENTRAL HONG KONG,"1,240,000",0.11%
B02195,長橋證券(香港)有限公司,SUITES 1801-1804 & 1815-1816 18TH FLOOR ONE INTERNATIONAL FINANCE CENTRE NO.1 HARBOUR VIEW STREET HONG KONG,"1,234,400",0.11%
B02142,老虎證券(香港)環球有限公司,23/F LI PO CHUN CHAMBERS 189 DES VOEUX ROAD CENTRAL SHEUNG WAN HONG KONG,"1,135,185",0.10%
B01590,盈透證券香港有限公司,SUITE 1512 TWO PACIFIC PLACE 88 QUEENSWAY HONG KONG,"1,129,700",0.10%
C00028,南洋商業銀行有限公司,30/F NCB INNOVATION CENTRE 888 LAI CHI KOK ROAD CHEUNG SHA WAN KOWLOON,"1,091,200",0.10%
C00015,星展銀行(香港)有限公司,6/F TWO HARBOUR SQUARE 180 WAI YIP STREET KWUN TONG KOWLOON,"1,054,900",0.09%
B01565,國泰君安證券(香港)有限公司,27/F GRAND MILLENNIUM PLAZA 181 QUEEN'S ROAD CENTRAL HONG KONG,"938,200",0.08%
B01858,元大證券(香港)有限公司,23/F TOWER 1 ADMIRALTY CENTRE 18 HARCOURT ROAD ADMIRALTY HONG KONG,"935,000",0.08%
C00041,華僑銀行(香港)有限公司,1/F EASTERN CENTRAL PLAZA 3 YIU HING ROAD SHAU KEI WAN HONG KONG,"907,100",0.08%
B01890,國信證券(香港)經紀有限公司,SUITES 3207-3212 32/F ONE PACIFIC PLACE 88 QUEENSWAY HONG KONG,"887,200",0.08%
C00037,上海商業銀行有限公司,C/O SECURITIES PROCESSING CENTRE LEVEL 23 TOWER 2 KOWLOON COMMERCE CENTRE 51 KWAI CHEONG ROAD KWAI CHUNG NEW TERRITORIES,"870,200",0.08%
B01143,海通國際證券有限公司,22/F LI PO CHUN CHAMBERS 189 DES VOEUX ROAD CENTRAL HONG KONG,"867,500",0.08%
C00058,中信銀行(國際)有限公司,30/F TWO TAIKOO PLACE TAIKOO PLACE 979 KING'S ROAD QUARRY BAY HONG KONG,"820,100",0.07%
B01118,東亞證券有限公司,C/O BEA SETTLEMENT OPERATIONS DEPT-IOS 35/F BEA TOWER MILLENNIUM CITY 5 418 KWUN TONG ROAD KOWLOON,"813,600",0.07%
C00048,集友銀行有限公司,23/F BANK OF CHINA CENTRE OLYMPIAN CITY 11 HOI FAI ROAD WEST KOWLOON KOWLOON,"796,500",0.07%
B01905,國投證券(香港)有限公司,39/F ONE EXCHANGE SQUARE CENTRAL HONG KONG,"745,700",0.06%
B01228,中信証券經紀(香港)有限公司,26/F CITIC TOWER 1 TIM MEI AVENUE CENTRAL HONG KONG,"710,200",0.06%
B01885,哈富證券有限公司,UNIT 3203 TOWER 1 ADMIRALTY CENTRE 18 HARCOURT ROAD ADMIRALTY HONG KONG,"681,600",0.06%
C00003,東亞銀行有限公司,35/F BEA TOWER MILLENNIUM CITY 5 418 KWUN TONG ROAD KWUN TONG KOWLOON,"671,400",0.06%
B01089,匯豐金融證券(香港)有限公司,LEVEL 25 HSBC MAIN BUILDING 1 QUEEN'S ROAD CENTRAL HONG KONG,"666,700",0.06%
B01610,凱基證券亞洲有限公司,41/F CENTRAL PLAZA 18 HARBOUR ROAD WANCHAI HONG KONG,"663,300",0.06%
B01115,申萬宏源證券(香港)有限公司,6/F THREE PACIFIC 1 QUEEN'S ROAD EAST HONG KONG,"627,100",0.05%
B01556,六福證券(香港)有限公司,UNITS 2201-2205 22/F COSCO TOWER 183 QUEEN'S ROAD CENTRAL HONG KONG,"610,000",0.05%
B01686,第一上海證券有限公司,19/F WING ON HOUSE 71 DES VOEUX ROAD CENTRAL HONG KONG,"578,500",0.05%
B01224,MLFE LTD,C/O BANK OF AMERICA MERRILL LYNCH 38/F CHEUNG KONG CENTER 2 QUEEN'S ROAD CENTRAL CENTRAL HONG KONG,"490,500",0.04%
B01423,信誠證券有限公司,RM 901-904 WORLD WIDE HOUSE 19 DES VOEUX ROAD CENTRAL HONG KONG,"482,389",0.04%
B01347,中國銀河證券香港有限公司,UNIT 2808B-2811 28/F WING ON CENTRE 111 CONNAUGHT ROAD CENTRAL HONG KONG,"480,700",0.04%
B01947,富邦證券(香港)有限公司,UNIT 1002 10/F HONG KONG LI-NING BUILDING 218 ELECTRIC ROAD NORTH POINT HONG KONG,"455,200",0.04%
B01184,華富建業證券有限公司,"5/F,RM 2401&2412 WING ON CENTRE 111 CONNAUGHT ROAD CENTRAL SHEUNG WAN HONG KONG","451,100",0.04%
B01497,永豐金證券(亞洲)有限公司,7/F LEE GARDEN THREE 1 SUNNING ROAD CAUSEWAY BAY HONG KONG,"439,700",0.04%
B01623,大豐崑泰證券有限公司,RM 3310 33/F BANK OF AMERICA TOWER 12 HARCOURT ROAD CENTRAL HONG KONG,"378,000",0.03%
B01551,越秀証券有限公司,ROOM NOS 4917-4937 49/F SUN HUNG KAI CENTRE 30 HABOUR ROAD WAN CHAI HONG KONG,"367,100",0.03%
B01959,中泰國際證券有限公司,7/F LI PO CHUN CHAMBERS 189 DES VOEUX ROAD CENTRAL HONG KONG,"338,100",0.03%
B01275,新富證券有限公司,RM 2001-2006 COSCO TOWER 183 QUEEN'S ROAD CENTRAL HONG KONG,"331,700",0.03%
B01265,華僑證券經紀 (香港) 有限公司,1/F CHUN WO COMMERCIAL CENTRE 23-29 WING WO STREET CENTRAL HONG KONG,"329,100",0.03%
B01842,交銀國際證券有限公司,11/F MAN YEE BUILDING 68 DES VOEUX ROAD CENTRAL HONG KONG,"281,200",0.02%
B02132,寶盛證券(香港)有限公司,ROOM 2801 28/F TOWER 1 THE MILLENNITY 98 HOW MING STREET KWUN TONG KOWLOON,"265,700",0.02%
B01654,中國國際金融香港證券有限公司,29/F ONE INTERNATIONAL FINANCE CENTRE 1 HARBOUR VIEW STREET CENTRAL HONG KONG,"263,600",0.02%
B02176,平安證券（香港）有限公司,"UNITS 3601, 07 & 11-13 36/F THE CENTER 99 QUEEN'S ROAD CENTRAL HONG KONG","256,400",0.02%
B01264,馬銀證券(香港)有限公司,28/F LEE GARDEN THREE 1 SUNNING ROAD CAUSEWAY BAY HONG KONG,"235,600",0.02%
B01938,興證國際證券有限公司,32/F INFINITUS PLAZA 199 DES VOEUX ROAD CENTRAL SHEUNG WAN HONG KONG,"234,300",0.02%
B02159,盈立證券有限公司,UNIT 2606-07 26/F FWD FINANCIAL CENTRE 308 DES VOEUX ROAD CENTRAL HONG KONG,"221,304",0.02%
B01459,奕豐證券(香港)有限公司,"SUITES 701-702, 706-713 TOWER 5 THE GATEWAY TSIM SHA TSUI KOWLOON","218,000",0.02%
B01181,復星國際證券有限公司,SUITE 2101-2105 21/F CHAMPION TOWER 3 GARDEN ROAD CENTRAL HONG KONG,"204,500",0.01%
B02120,利弗莫爾證券有限公司,UNIT 1214A 12/F TOWER II CHEUNG SHA WAN PLAZA 833 CHEUNG SHA WAN ROAD KOWLOON,"177,400",0.01%
B02047,艾德證券期貨有限公司,21/F CITIC TOWER 1 TIM MEI AVENUE CENTRAL HONG KONG,"171,800",0.01%
B01555,ABN AMRO CLEARING HONG KONG LTD,SUITE 2407-2409 LEVEL 24 THREE PACIFIC PLACE 1 QUEEN'S ROAD EAST HONG KONG,"170,500",0.01%
B02032,方德證券有限公司,20/F GOLDEN CENTRE 188 DES VOEUX ROAD CENTRAL SHEUNG WAN HONG KONG,"166,200",0.01%
B02102,尊嘉證券國際有限公司,RM 3502 LIPPO CENTRE TOWER 2 89 QUEENSWAY HONG KONG,"160,700",0.01%
B01649,信達國際證券有限公司,45TH FLOOR COSCO TOWER 183 QUEEN'S ROAD CENTRAL HONG KONG,"150,000",0.01%
B01929,中國銀河國際證券(香港)有限公司,20/F WING ON CENTRE 111 CONNAUGHT ROAD CENTRAL HONG KONG,"149,800",0.01%
B01962,中信建投(國際)証券有限公司,18/F TWO EXCHANGE SQUARE 8 CONNAUGHT PLACE CENTRAL HONG KONG,"143,000",0.01%
B02045,AAA SECURITIES CO. LTD,SUITE 2202 22/F FU FAI COMMERCIAL CENTRE 27 HILLIER STREET SHEUNG WAN HONG KONG,"138,900",0.01%
B01373,恆豐證券有限公司,28/F TWO CHINACHEM CENTRAL 26 DES VOEUX ROAD CENTRAL HONG KONG,"136,000",0.01%
B01673,富昌證券有限公司,UNIT 2207 WEST TOWER SHUN TAK CENTRE 168-200 CONNAUGHT ROAD CENTRAL SHEUNG WAN HONG KONG,"130,400",0.01%
B01173,日發證券有限公司,LEVEL 7 28 HENNESSY ROAD WANCHAI HONG KONG,"127,100",0.01%
B01523,長雄證券有限公司,ROOMS 301-303 3/F 12 TAIKOO WAN ROAD TAIKOO SHING QUARRY BAY HONG KONG,"126,900",0.01%
B01700,滙信理財有限公司,UNIT 710-715 7/F MILLENNIUM CITY 2 378 KWUN TONG ROAD KOWLOON,"126,400",0.01%
B01900,東方證券(香港)有限公司,28/F 100 QUEEN'S ROAD CENTER 100 QRC CENTRAL HONG KONG,"125,900",0.01%
B01940,SOFI SECURITIES (HONG KONG) LTD,21/F H CODE 45 POTTINGER STREET CENTRAL HONG KONG,"116,500",0.01%
B02210,方舟集團控股(香港)有限公司,34/F TOWER TWO TIMES SQUARE 1 MATHESON STREET CAUSEWAY BAY HONG KONG,"116,100",0.01%
B01843,電訊數碼證券有限公司,UNIT 1202 12/F TELECOM DIGITAL TOWER 58 TSUN YIP STREET KWUN TONG KOWLOON,"115,900",0.01%
B01272,富銀證券(香港)有限公司,9/F FORTRESS TOWER 250 KING'S ROAD NORTH POINT HONG KONG,"112,800",0.01%
B01169,大眾金融証券有限公司,10/F PUBLIC BANK CENTRE 120 DES VOEUX ROAD CENTRAL HONG KONG,"108,600",0.01%
B01814,立橋證券有限公司,UNIT 13-15 11/F CHINA MERCHANTS TOWER SHUN TAK CENTRE 168-200 CONNAUGHT ROAD CENTRAL HONG KONG,"106,400",0.00%
B01252,協聯證券有限公司,UNIT 408-409 4/F FORTRESS TOWER 250 KING'S ROAD FORTRESS HILL HONG KONG,"102,800",0.00%
B01762,星展唯高達香港有限公司,16/F ONE ISLAND EAST 18 WESTLANDS ROAD ISLAND EAST HONG KONG,"100,300",0.00%
B01338,英皇證券有限公司,23/F-24/F EMPEROR GROUP CENTRE 288 HENNESSY ROAD WANCHAI HONG KONG,"94,500",0.00%
B01564,農銀國際證券有限公司,13/F FAIRMONT HOUSE 8 COTTON TREE DRIVE CENTRAL HONG KONG,"88,700",0.00%
B02175,微牛證券有限公司,SUITES 2509-12 25/F TOWER 6 THE GATEWAY HARBOUR CITY KOWLOON,"87,900",0.00%
B01676,大盛証券投資有限公司,ROOM 801-804 HALESON BUILDING 1 JUBILEE STREET CENTRAL HONG KONG,"81,100",0.00%
B01324,FUNDERSTONE SECURITIES LTD,ROOM 1802 18/F CAPITAL CENTRE NO. 151 GLOUCESTER ROAD WANCHAI HONG KONG,"80,400",0.00%
B01915,元宇證券有限公司,SUITE 4806-07 48/F CENTRAL PLAZA 18 HARBOUR ROAD WANCHAI HONG KONG,"79,300",0.00%
B01298,結好證券有限公司,G/F-3/F COSCO TOWER GRAND MILLENNIUM PLAZA 183 QUEEN'S ROAD CENTRAL HONG KONG,"78,000",0.00%
B01813,建銀國際證券有限公司,12/F CCB TOWER 3 CONNAUGHT ROAD CENTRAL CENTRAL HONG KONG,"71,900",0.00%
B01413,京華山一國際(香港)有限公司,"ROOMS 1101-05 & 09-10 11/F CHINA RESOURCES BUILDING 26 HARBOUR ROAD, WANCHAI HONG KONG","61,900",0.00%
B01289,南華證券投資有限公司,28/F BANK OF CHINA TOWER 1 GARDEN RD CENTRAL HONG KONG,"57,100",0.00%
B01119,時富證券有限公司,28/F MANHATTAN PLACE 23 WANG TAI ROAD KOWLOON BAY KOWLOON,"54,300",0.00%
B01546,和豐證券有限公司,2/F SIU YING COMM BLDG 151-155 QUEEN'S ROAD CENTRAL HONG KONG,"52,400",0.00%
B01967,雲鋒證券有限公司,ROOM 1803-1806 18/F YF LIFE CENTRE 38 GLOUCESTER ROAD WANCHAI HONG KONG,"51,200",0.00%
B02022,新質證券有限公司,ROOM 2206-2210 CHINA RESOURCES BUILDING 26 HARBOUR ROAD WANCHAI HONG KONG,"49,400",0.00%
B01866,工銀國際證券有限公司,37/F ICBC TOWER 3 GARDEN ROAD HONG KONG,"48,800",0.00%
C00018,恒生銀行有限公司,HANG SENG 113 113 ARGYLE STREET MONGKOK KOWLOON,"48,500",0.00%
B01848,國泰證券(香港)有限公司,RM 1001 10/F CHINA BUILDING 29 QUEEN'S ROAD CENTRAL HONG KONG,"47,300",0.00%
B02011,中陽證券有限公司,ROOM 1101 118 CONNAUGHT ROAD WEST HONG KONG,"45,000",0.00%
B01585,華誠證券有限公司,ROOM 601-602 6/F TAI PO COMMERCIAL CENTRE 152-172 KWONG FUK ROAD TAI PO NEW TERRITORIES,"44,300",0.00%
B01754,亞太證券有限公司,16/F CMA BUILDING 64-66 CONNAUGHT ROAD CENTRAL HONG KONG,"41,800",0.00%
B01581,滙富金融服務有限公司,7/F TOWER 1 LIPPO CENTRE 89 QUEENSWAY HONG KONG,"36,300",0.00%
B01256,國金證券(香港)有限公司,UNIT 3501-08 35/F COSCO TOWER 183 QUEEN'S ROAD CENTRAL SHEUNG WAN HONG KONG,"35,200",0.00%
B01743,世博證券有限公司,FLAT B 7/F 208 QUEEN'S ROAD CENTRAL CENTRAL HONG KONG,"35,100",0.00%
B01248,均益證券(國際)有限公司,"FLAT B, C & E 3/F HO LEE COMMERCIAL BUILDING 38-44 D'AGUILAR STREET CENTRAL HONG KONG","34,000",0.00%
B01198,步基證券有限公司,14/F GRAND BUILDING 15-18 CONNAUGHT ROAD CENTRAL HONG KONG,"32,100",0.00%
B01567,發利證券有限公司,ROOM 1602 16/F KAI TAK COMMERCIAL BUILDING 317-319 DES VOEUX ROAD CENTRAL HONG KONG,"30,600",0.00%
B01601,群益證券(香港)有限公司,3/F 308 CENTRAL DES VOEUX 308 DES VOEUX ROAD CENTRAL SHEUNG WAN HONG KONG,"30,400",0.00%
B01714,明璣證券有限公司,28/F QUEEN'S ROAD CENTRE 152 QUEEN'S ROAD CENTRAL HONG KONG,"30,100",0.00%
B01753,富強證券有限公司,UNIT 4102-06 41/F COSCO TOWER 183 QUEEN'S ROAD CENTRAL SHEUNG WAN HONG KONG,"30,100",0.00%
B01341,東泰證券有限公司,ROOM 2501 25/F TOWER 1 LIPPO CENTRE 89 QUEENSWAY ADMIRALTY HONG KONG,"30,000",0.00%
B01809,華信證券有限公司,ROOM 1201-02 12/F TUNG HIP COMMERCIAL BUILDING 252 DES VOEUX ROAD CENTRAL HONG KONG,"30,000",0.00%
B01552,嘉利證券投資有限公司,FLAT 1A 1/F MAN HING COMMERCIAL BUILDING 79-83 QUEEN'S ROAD CENTRAL CENTRAL HONG KONG,"29,600",0.00%
B01445,勝利證券有限公司,RM 1101-3 11/F YARDLEY COMMERCIAL BLDG 3 CONNAUGHT ROAD WEST SHEUNG WAN HONG KONG,"28,600",0.00%
B01509,益群證券有限公司,RM 502 GENERAL COMMERCIAL BUILDING 156-164 DES VOEUX ROAD CENTRAL HONG KONG,"26,200",0.00%
B01450,佐雄證券有限公司,1/F WING'S BLDG 110-116 QUEEN'S ROAD CENTRAL HONG KONG,"25,400",0.00%
B01158,堅固證券有限公司,UNITS 1205-6 12/F WEST TOWER SHUN TAK CENTRE 200 CONNAUGHT ROAD CENTRAL HONG KONG,"24,800",0.00%
B01351,永豐證券有限公司,UNIT 1001-8 10/F COSCO TOWER GRAND MILLENNIUM PLAZA 183 QUEEN'S ROAD CENTRAL CENTRAL HONG KONG,"24,800",0.00%
B01213,萬利證券有限公司,6TH FLOOR MALAHON CENTRE 8-12 STANLEY STREET CENTRAL HONG KONG,"24,000",0.00%
B01976,方達資本管理有限公司,UNITS 3201-3203 32/F BANK OF AMERICA TOWER 12 HARCOURT ROAD CENTRAL HONG KONG,"23,000",0.00%
B01705,恒億證券有限公司,UNIT 901 9/F WORKINGTON TOWER 78 BONHAM STRAND SHEUNG WAN HONG KONG,"22,800",0.00%
B01939,東吳證券國際經紀有限公司,LEVEL 17 THREE PACIFIC PLACE 1 QUEEN'S ROAD EAST HONG KONG,"22,100",0.00%
B01563,信控國際證券有限公司,ROOMS 1703-04 17/F YF LIFE CENTRE NO 38 GLOUCESTER ROAD WAN CHAI HONG KONG,"21,600",0.00%
B01810,阿仕特朗資本管理有限公司,RM 2704 TOWER 1 ADMIRALTY CENTRE 18 HARCOURT ROAD ADMIRALTY HONG KONG,"21,400",0.00%
B01788,齊榮證券有限公司,RM 701-702 YUE SHING COMMERCIAL BUILDING 15 QUEEN VICTORIA STREET CENTRAL HONG KONG,"20,400",0.00%
B02155,亞丁金融集團有限公司,14/F SHANGHAI COMMERCIAL BANK TOWER 12 QUEEN'S ROAD CENTRAL CENTRAL HONG KONG,"20,400",0.00%
B01577,怡發證券有限公司,11/F CMA BUILDING 64-66 CONNAUGHT ROAD CENTRAL HONG KONG,"20,100",0.00%
B02181,大唐資本證券有限公司,21/F SILVER FORTUNE PLAZA 1 WELLINGTON STREET CENTRAL HONG KONG,"20,000",0.00%
B01941,中原證券有限公司,SUITES 805-806 8/F SOUTH TOWER WORLD FINANCE CENTRE HARBOUR CITY 17-19 CANTON ROAD TSIMSHATSUI KOWLOON,"19,800",0.00%
B01439,大德證券(亞洲)有限公司,707A WING ON HOUSE 71 DES VOEUX ROAD CENTRAL HONG KONG,"18,800",0.00%
B01592,百德能經紀有限公司,21/F LHT TOWER 31 QUEEN'S ROAD CENTRAL HONG KONG,"18,500",0.00%
B01588,利星行證券有限公司,8/F NEW WORLD TOWER I 18 QUEEN'S ROAD CENTRAL HONG KONG,"18,400",0.00%
B01849,順安證券資產管理有限公司,21/F CENTRE POINT 181-185 GLOUCESTER ROAD WANCHAI HONG KONG,"18,400",0.00%
B02185,韓國投資證券亞洲有限公司,SUITES 3716-3719 JARDINE HOUSE 1 CONNAUGHT PLACE CENTRAL HONG KONG,"18,000",0.00%
B01356,匯業證券有限公司,5/F LUK KWOK CENTRE 72 GLOUCESTER ROAD WANCHAI HONG KONG,"17,700",0.00%
B01925,邦盟滙駿證券有限公司,SUITES 2701-2708 27/F SHUI ON CENTRE 6-8 HARBOUR ROAD WANCHAI HONG KONG,"17,100",0.00%
B02141,新永安國際證券有限公司,UNITS 3511-15 35/F COSCO TOWER GRAND MILLENNIUM PLAZA 183 QUEEN'S ROAD CENTRAL HONG KONG,"17,000",0.00%
B01875,國都證券(香港)有限公司,RM 1307 13/F BANK OF AMERICA TOWER 12 HARCOURT ROAD CENTRAL HONG KONG,"16,500",0.00%
B01978,方正證券(香港)有限公司,ROOM 801-02 8/F SHANGHAI INDUSTRIAL INVESTMENT BUILDING 48-62 HENNESSY ROAD WAN CHAI HONG KONG,"16,100",0.00%
B01231,騰達證券有限公司,ROOM B 5/F JADE CENTRE 98 WELLINGTON STREET CENTRAL HONG KONG,"15,500",0.00%
B01582,晉安証券有限公司,17/F BANK OF EAST ASIA HARBOUR VIEW CENTRE 56 GLOUCESTER ROAD WANCHAI HONG KONG,"15,000",0.00%
B01123,興旺證券有限公司,19/F UNIT A UNITED CENTRE 95 QUEENSWAY HONG KONG,"14,900",0.00%
B01773,東洋証券亞洲有限公司,SUITES 2301-02 & 16 23/FL CITY PLAZA ONE 1111 KING'S ROAD TAIKOO SHING HONG KONG,"14,600",0.00%
B01433,興偉聯合證券有限公司,RM 2902-2903 118 CONNAUGHT ROAD WEST HONG KONG,"14,400",0.00%
B01963,天風國際證券與期貨有限公司,16/F TWO PACIFIC PLACE 88 QUEENSWAY ADMIRALTY HONG KONG,"13,700",0.00%
B01514,高信證券有限公司,RM 607-610 6/F TAI YAU BUILDING 181 JOHNSTON ROAD WANCHAI HONG KONG,"13,400",0.00%
B01710,中順證券期貨有限公司,UNIT 2205-06 22/F GLOBAL TRADE SQUARE 21 WONG CHUK HANG ROAD HONG KONG,"12,500",0.00%
B01696,亨達証券有限公司,12/F SOUTH CHINA BUILDING 1-3 WYNDHAM STREET CENTRAL HONG KONG,"12,200",0.00%
B02075,創陞證券有限公司,UNIT A-C 20/F NEICH TOWER 128 GLOUCESTER ROAD WANCHAI HONG KONG,"12,000",0.00%
B01853,民銀證券有限公司,45/F ONE EXCHANGE SQUARE 8 CONNAUGHT PLACE CENTRAL HONG KONG,"11,100",0.00%
B01777,大和資本市場香港有限公司,LEVEL 26 ONE PACIFIC PLACE 88 QUEENSWAY HONG KONG,"10,600",0.00%
B01949,華業證券有限公司,RM 503 5/F LOKE YEW 50-52 QUEEN'S ROAD CENTRAL CENTRAL HONG KONG,"10,600",0.00%
B01923,伯克希爾資本有限公司,UNIT 1706 TOWER 1 CHINA HONG KONG CITY 33 CANTON ROAD TSIM SHA TSUI KOWLOON,"10,200",0.00%
B01401,萬達基證券有限公司,RM 608-609 6/F ONE ISLAND SOUTH 2 HEUNG YIP ROAD HONG KONG,"10,000",0.00%
B01833,中國信託綜合證券(香港)有限公司,RM 2809 28/F TWO INTERNATIONAL FINANCE CENTRE 8 FINANCE STREET CENTRAL HONG KONG,"10,000",0.00%
B01957,鼎石證券有限公司,ROOM 1608 16/F NAN FUNG TOWER 88 CONNAUGHT ROAD CENTRAL CENTRAL HONG KONG,"10,000",0.00%
B01958,瑭明金融集團有限公司,ROOMS 2709-12 27/F WING ON CENTRE 111 CONNAUGHT ROAD CENTRAL HONG KONG,"10,000",0.00%
B02060,力高證券有限公司,ROOM 1506 15/F WHEELOCK HOUSE 20 PEDDER STREET CENTRAL HONG KONG,"10,000",0.00%
B02078,上高證券有限公司,ROOM 06 11/F EMPEROR GROUP CENTRE 288 HENNESSY ROAD WAN CHAI HONG KONG,"10,000",0.00%
B02096,高鉦証券有限公司,RM B 17/F FORTUNE HOUSE 61 CONNAUGHT ROAD CENTRAL CENTRAL HONG KONG,"10,000",0.00%
B01340,利興股票有限公司,UNIT 1007 10/F CHINA INSURANCE GROUP BUILDING 141 DES VOEUX ROAD CENTRAL CENTRAL HONG KONG,"9,805",0.00%
B01481,恆盛證券有限公司,"2907-2909,2912,2914 WING ON HOUSE 71 DES VOEUX ROAD CENTRAL CENTRAL HONG KONG","9,000",0.00%
B01948,財通國際證券有限公司,RM 2401-2405 24/F GRAND MILLENNIUM PLAZA 181 QUEEN'S ROAD CENTRAL HONG KONG,"8,700",0.00%
B01129,宏高證券有限公司,RM 1002 WING ON CENTRE 111 CONNAUGHT ROAD CENTRAL HONG KONG,"7,600",0.00%
B02194,仁和資本有限公司,UNIT 2505 25/F COSCO TOWER 183 QUEEN'S ROAD CENTRAL HONG KONG,"7,400",0.00%
B01910,富冊國際證券期貨有限公司,UNITS 02B-03A 23/F SINO PLAZA 256-257 GLOUCESTER ROAD CAUSEWAY BAY HONG KONG,"6,600",0.00%
B01470,鴻昇證券有限公司,SUITE 2505 25/F WEST TOWER SHUN TAK CENTRE 200 CONNAUGHT ROAD CENTRAL SHEUNG WAN HONG KONG,"6,400",0.00%
B01981,青石證券(香港)有限公司,ROOM 1701-2 17TH FLOOR STAR HOUSE NO3 SALISBURY ROAD TSIM SHA TSUI KOWLOON,"6,400",0.00%
B02042,大聖證券有限公司,UNIT 2418 24/F CHINA MERCHANTS TOWER SHUN TAK CENTRE 168 CONNAUGHT ROAD CENTRAL HONG KONG,"6,400",0.00%
B01230,高裕證券有限公司,SUITE 4409 44/F COSCO TOWER 183 QUEEN'S ROAD CENTRAL HONG KONG,"6,100",0.00%
B01627,山高國際證券有限公司,38/F THE CENTER 99 QUEEN'S ROAD CENTRAL CENTRAL HONG KONG,"6,100",0.00%
B01988,樹熊證券有限公司,OFFICE A-B 8TH FLOOR AUBIN HOUSE 171-172 GLOUCESTER ROAD WANCHAI HONG KONG,"6,000",0.00%
B01907,國農證券有限公司,UNIT A1 35/F UNITED CENTRE 95 QUEENSWAY ADMIRALTY HONG KONG,"5,700",0.00%
B02085,海富證券投資有限公司,UNIT 16 22/F SEAPOWER TOWER CONCORDIA PLAZA 1 SCIENCE MUSEUM ROAD KOWLOON,"5,500",0.00%
B01328,萬興證券有限公司,RM 901-2 LANSING HSE 41-47 QUEEN'S RD C CENTRAL HONG KONG,"5,400",0.00%
B01986,華金證券(國際)有限公司,SUITE 1101-1106 11/F CHAMPION TOWER 3 GARDEN ROAD CENTRAL HONG KONG,"5,400",0.00%
B01416,匯盈證券有限公司,6/F CENTRE POINT 181-185 GLOUCESTER ROAD WANCHAI HONG KONG,"5,300",0.00%
B01525,祺昌證券有限公司,ROOM 2002 20/F WIN CENTURY CENTRE 2A MONGKOK ROAD MONGKOK KOWLOON,"5,300",0.00%
B02106,弘業國際金融控股有限公司,FLAT/RM 03-5 20/F JUBILEE CENTRE 46 GLOUCESTER ROAD WANCHAI HONG KONG,"5,000",0.00%
B01427,謝氏膺暉證券有限公司,ROOM 910-911 9/F COSCO TOWER 183 QUEEN'S ROAD CENTRAL SHEUNG WAN HONG KONG,"4,600",0.00%
B01666,寶新證券有限公司,ROOM 2307-09 23/F CHINA RESOURCES BUILDING 26 HARBOUR ROAD WAN CHAI HONG KONG,"4,500",0.00%
B01825,國元証券經紀(香港)有限公司,17/F THREE EXCHANGE SQUARE 8 CONNAUGHT ROAD CENTRAL CENTRAL HONG KONG,"4,500",0.00%
B02206,卓銳證券(香港)有限公司,16/F RYKADAN CAPITAL TOWER 135 HOI BUN ROAD KWUN TONG KOWLOON,"4,000",0.00%
B01386,軟庫中華金融服務有限公司,4/F HENLEY BUILDING 5 QUEEN'S ROAD CENTRAL HONG KONG,"3,900",0.00%
B01458,益高證券有限公司,19TH FLOOR TUNG NING BUILDING 125-7 CONNAUGHT ROAD CENTRAL HONG KONG,"3,800",0.00%
B01921,公平證券有限公司,UNIT D 8/F TOWER B BILLION CENTRE 1 WANG KWONG ROAD KOWLOON BAY KOWLOON,"3,800",0.00%
B01209,茂宸證券有限公司,2101 21/F CONVENTION PLAZA OFFICE TOWER 1 HARBOUR ROAD WANCHAI HONG KONG,"3,700",0.00%
B01767,新基立證券有限公司,RM 1106 REGENT CENTRE 88 QUEEN'S ROAD CENTRAL HONG KONG,"3,200",0.00%
B02014,粵商國際證券有限公司,ROOM 2704 WEST TOWER SHUN TAK CENTRE 168-200 CONNAUGHT ROAD CENTRAL SHEUNG WAN HONG KONG,"3,200",0.00%
B01267,永富證券有限公司,RM 1402 FORTIS BANK TOWER 77-79 GLOUCESTER ROAD WANCHAI HONG KONG,"3,000",0.00%
B01685,同舟證券（香港）有限公司,ROOM 1901 19/F EMPEROR GROUP CENTRE 288 HENNESSY ROAD WAN CHAI HONG KONG,"2,800",0.00%
B01694,嬴控金融證券有限公司,UNIT 1804C 18/F FAR EAST FINANCE CENTRE 16 HARCOURT ROAD HONG KONG,"2,800",0.00%
B01659,滿好證券有限公司,ROOM 2101 21/F TOWER 1 LIPPO CENTRE 89 QUEENSWAY ADMIRALTY HONG KONG,"2,700",0.00%
B01973,寶鉅證券有限公司,11/F LEE GARDEN FIVE 18 HYSAN AVENUE CAUSEWAY BAY HONG KONG,"2,400",0.00%
B02156,嶺利投資管理有限公司,ROOM 702 7/F DINA HOUSE 3-11 DUDDELL STREET CENTRAL HONG KONG,"2,200",0.00%
B01540,美建證券有限公司,2/F WAH KIT COMMERCIAL CENTRE 302 DES VOEUX ROAD CENTRAL HONG KONG,"2,100",0.00%
B01576,兆安證券有限公司,32/F SIU ON CENTRE 188 LOCKHART ROAD WANCHAI HONG KONG,"2,100",0.00%
B01937,長江證券經紀(香港)有限公司,UNIT 3605-3611 36/F COSCO TOWER 183 QUEEN'S ROAD CENTRAL CENTRAL HONG KONG,"2,100",0.00%
B02017,匯生證券有限公司,UNIT 1005A-B & 1006A 10/F BANK OF AMERICA TOWER 12 HARCOURT ROAD ADMIRALTY HONG KONG,"2,100",0.00%
B02099,直達國際金融服務有限公司,RM 4704-06 47/F HOPEWELL CENTRE 183 QUEEN'S ROAD EAST WAN CHAI HONG KONG,"2,100",0.00%
C00040,中國工商銀行(亞洲)有限公司,2/F ONE HARBOURFRONT 18-22 TAK FUNG ST HUNG HOM KOWLOON,"2,100",0.00%
B02214,盈寶證券國際(香港)有限公司,ROOMS 2202-3 22/F JUBILEE CENTRE 18 FENWICK STREET WAN CHAI HONG KONG,"1,900",0.00%
B01438,金利豐證券有限公司,72/F THE CENTER 99 QUEEN'S ROAD CENTRAL CENTRAL HONG KONG,"1,800",0.00%
B01936,敏哲証券有限公司,SHOP 68-70 MANOR CENTRE 218 FUK WING STREET CHEUNG SHA WAN KOWLOON,"1,800",0.00%
B02073,華贏東方(亞洲)控股有限公司,ROOM 1910-1912A TOWER 3 CHINA HONG KONG CITY 33 CANTON ROAD TSIM SHA TSUI KOWLOON,"1,800",0.00%
B01425,偉富證券有限公司,RM 406 4/F HOUSTON CENTRE 63 MODY ROAD TSIMSHATSUI EAST KOWLOON,"1,700",0.00%
B01852,裕承環球市場有限公司,UNIT 901-02 9/F K11 ATELIER KING'S ROAD 728 KING'S ROAD QUARRY BAY HONG KONG,"1,700",0.00%
B02055,東皓證券有限公司,ROOM 1004 10/F BANK OF AMERICA TOWER 12 HARCOURT ROAD CENTRAL HONG KONG,"1,600",0.00%
B01253,常匯證券有限公司,UNITS 406-410 4/F TOWER 2 SILVERCORD 30 CANTON ROAD TSIM SHA TSUI KOWLOON,"1,500",0.00%
B01310,同德証券(香港)有限公司,G/F 169 TAI NAM ST SHAMSHUIPO KOWLOON,"1,500",0.00%
B01389,中融平和證券有限公司,ROOM 3505-10 35/F TOWER 5 THE GATEWAY 15 CANTON ROAD TSIM SHA TSUI KOWLOON,"1,500",0.00%
B01897,中達證券投資有限公司,5/F CHINA TAIPING TOWER PHASE II 8 SUNNING ROAD CAUSEWAY BAY HONG KONG,"1,500",0.00%
B01579,金杏資本(香港)有限公司,SUITE 2703 27/F EVERBRIGHT CENTRE 108 GLOUCESTER ROAD WAN CHAI HONG KONG,"1,300",0.00%
B01680,實德證券有限公司,UNITS 1001A & 04B 10/F TOWER 1 ADMIRALTY CENTRE 18 HARCOURT ROAD HONG KONG,"1,300",0.00%
B02179,耀佳金融集團有限公司,UNIT 1605B-1606A 16/F TOWER A MANULIFE FINANCIAL CENTRE 223-231 WAI YIP STREET KWUN TONG KOWLOON,"1,300",0.00%
B01294,中策富匯證券有限公司,RM 3206 32/F CHINA RESOURCES BUILDING 26 HARBOUR ROAD WANCHAI HONG KONG,"1,200",0.00%
B01886,中國北方證券集團有限公司,UNIT A 26/F TIMES MEDIA CENTRE 133 WANCHAI ROAD WANCHAI HONG KONG,"1,200",0.00%
B01483,利銘證券有限公司,RM B 7/F HILLIER COMMERCIAL BUILDING 89 WING LOK ST EAST CENTRAL HONG KONG,"1,100",0.00%
B01511,達利證券有限公司,RM 1801-1806 PRESIDENT COMMERCIAL CENTRE 608 NATHAN ROAD MONGKOK KOWLOON,"1,100",0.00%
B01724,偉文証券有限公司,RM 201-5 2/F KOWLOON CENTRE 29-39 ASHLEY ROAD KOWLOON,"1,100",0.00%
B02009,金裕富證券有限公司,2201B 22/F TOWER 1 CHINA HONG KONG CITY 33 CANTON ROAD TSIM SHA TSUI KOWLOON,"1,100",0.00%
B01769,一中證券有限公司,2/F CHEONG K. BUILDING 84-86 DES VOEUX ROAD CENTRAL HONG KONG,"1,047",0.00%
B01510,東英亞洲證券有限公司,SUITES 4004 40/F TWO EXCHANGE SQUARE 8 CONNAUGHT PLACE CENTRAL HONG KONG,"1,000",0.00%
B01645,永高證券有限公司,SUITE 2401 CHINACHEM EXCHANGE SQUARE 1 HOI WAN STREET QUARRY BAY HONG KONG,"1,000",0.00%
B01720,江陸證券有限公司,RM 504 MONGKOK COMMERCIAL CENTRE 16 ARGYLE STREET MONGKOK KOWLOON,"1,000",0.00%
B02082,黃河證券有限公司,ROOM 2701B 27/F ADMIRALTY CENTRE OFFICE TOWER 1 18 HARCOURT ROAD ADMIRALTY HONG KONG,"1,000",0.00%
B02112,凱匯資本證券有限公司,RM 1005-1006 10/F INFINITUS PLAZA 199 DES VOEUX ROAD CENTRAL HONG KONG,"1,000",0.00%
B02119,嘉銀證券有限公司,SUITE 1605 16/F 9 QUEEN'S ROAD CENTRAL CENTRAL HONG KONG,"1,000",0.00%
B01615,金輝証券有限公司,21/F CHAMPION BUILDING 287-291 DES VOEUX ROAD CENTRAL HONG KONG,900,0.00%
B02063,高歌證券有限公司,UNIT NO 901 9TH FLOOR CAPITAL CENTRE 151 GLOUCESTER ROAD WANCHAI HONG KONG,900,0.00%
B01918,偉祿亞太證券有限公司,SUITE 2402 24/F JARDINE HOUSE 1 CONNAUGHT PLACE CENTRAL HONG KONG,824,0.00%
B01471,大灣區深港證券有限公司,RM 2526-36 25/F SUN HUNG KAI CENTRE 30 HARBOUR ROAD WANCHAI HONG KONG,600,0.00%
B01964,鎧盛證券有限公司,RM 3401 34/F HOPEWELL CENTRE 183 QUEEN'S ROAD EAST WANCHAI HONG KONG,600,0.00%
B02177,浙商國際金融控股有限公司,ROOM 1703-06 17/F INFINITUS PLAZA 199 DES VOEUX ROAD CENTRAL SHEUNG WAN HONG KONG,600,0.00%
B02213,中信信期國際證券有限公司,"2312-2316 23/F CITIC TOWER 1 TIM MEI AVENUE, CENTRAL HONG KONG",600,0.00%
B01669,第一證券(香港)有限公司,RM 1708-1710 17/F CHINA INSURANCE GROUP BUILDING 141 DES VOEUX ROAD CENTRAL HONG KONG,500,0.00%
B01755,匯澤證券有限公司,"SUITE 1409, 14/F, NORTH TOWER WORLD FINANCE CENTRE 19 CANTON ROAD, TST KOWLOON",500,0.00%
B02019,智易東方證券有限公司,ROOM A 24/F STANDARD CHARTERED BANK BUILDING 4-4A DES VOEUX ROAD CENTRAL CENTRAL HONG KONG,500,0.00%
C00111,Societe Generale,38/F THREE PACIFIC PLACE 1 QUEEN'S ROAD EAST HONG KONG,500,0.00%
B01271,恒泰証券有限公司,ROOM 2105A 21/F K.WAH CENTRE 191 JAVA ROAD NORTH POINT HONG KONG,400,0.00%
B01919,泰嘉證券資產管理有限公司,RM B3 29/F TML TOWER 3 HOI SHING ROAD TSUEN WAN NEW TERRITORIES,400,0.00%
B01922,太陽證券有限公司,28/F BANK OF EAST ASIA HARBOUR VIEW CENTRE 56 GLOUCESTER ROAD WANCHAI HONG KONG,400,0.00%
B01993,高誠證券有限公司,23/F-24/F EMPEROR GROUP CENTRE 288 HENNESSY ROAD WANCHAI HONG KONG,400,0.00%
B02114,遠源證券有限公司,15/F 369 HENNESSY ROAD WAN CHAI HONG KONG,400,0.00%
B02180,貝德斯證券有限公司,8/F 80 GLOUCESTER ROAD WANCHAI HONG KONG,400,0.00%
B01277,源盛證券有限公司,SUITES 3606-08 36/F 8 FINANCE STREET TWO INTERNATIONAL FINANCE CENTRE CENTRAL HONG KONG,300,0.00%
B01455,中潤證券有限公司,RM 102 1/F ON HONG COMMERCIAL BUILDING 145 HENNESSY ROAD WANCHAI HONG KONG,300,0.00%
B01971,橫華國際証券有限公司,17/F CENTRE POINT 181-185 GLOUCESTER ROAD WANCHAI HONG KONG,300,0.00%
B02091,星河證券有限公司,ROOM 2102 THE GALLERIA 9 QUEEN'S ROAD CENTRAL CENTRAL HONG KONG,300,0.00%
B02101,雅景證券股份有限公司,41/F MONTERY PLAZA 15-17 CHONG YIP STREET KWUN TONG KOWLOON,300,0.00%
C00011,大眾銀行(香港)有限公司,PUBLIC BANK CENTRE 120 DES VOEUX ROAD CENTRAL HONG KONG,300,0.00%
B01494,高陞證券有限公司,6/F GRAND BUILDING 15-18 CONNAUGHT ROAD CENTRAL HONG KONG,200,0.00%
B01741,佳富達證券有限公司,28/F SHUN FENG INTERNATIONAL CENTRE NO.182 QUEEN'S ROAD EAST WAN CHAI HONG KONG,200,0.00%
B01974,雅利多證券有限公司,ROOM 2502 25/F HOPEWELL CENTRE 183 QUEEN'S ROAD EAST WANCHAI HONG KONG,200,0.00%
B01998,華升證券(國際)有限公司,UNIT 1501 & 1503 15/F YF LIFE CENTRE 38 GLOUCESTER ROAD WAN CHAI HONG KONG,200,0.00%
B02003,東興證券(香港)有限公司,UNIT NOS 7503B-7504 75/F INTERNATIONAL COMMERCE CENTRE 1 AUSTIN ROAD WEST KOWLOON,200,0.00%
B02023,東海國際證券(香港)有限公司,20/F SHANGHAI COMMERCIAL BANK TOWER 12 QUEEN'S ROAD CENTRAL HONG KONG,200,0.00%
B02068,勤豐證券有限公司,ROOM 2202 22/F FAR EAST FINANCE CENTER 16 HARCOURT ROAD HONG KONG,200,0.00%
B02077,CONRAD INVESTMENT SERVICES LTD,23/F TUNG HIP COMMERCIAL BUILDING 244-248 DES VOEUX ROAD CENTRAL SHEUNG WAN HONG KONG,200,0.00%
B02093,晉億證券有限公司,RM 1717 CHINA MERCHANTS TOWER SHUN TAK CENTRE 168 CONNAUGHT ROAD CENTRAL SHEUNG WAN HONG KONG,200,0.00%
B02123,中國數字金融證券有限公司,13A/F YF LIFE CENTRE 38 GLOUCESTER ROAD WAN CHAI HONG KONG,200,0.00%
B02163,金鷹證券有限公司,UNIT 2115 21/F NORTH TOWER CONCORDIA PLAZA NO.1 SCIENCE MUSEUM ROAD KOWLOON,200,0.00%
B02167,山金證券(香港)有限公司,ROOMS 4003-05 40/F CHINA RESOURCES BUILDING 26 HARBOUR ROAD WAN CHAI HONG KONG,200,0.00%
B02183,浦銀國際證券有限公司,33/F SPD BANK TOWER ONE HENNESSY 1 HENNESSY ROAD HONG KONG,200,0.00%
B01329,昌萬年有限公司,NO 5A 15/F CHEONG K BUILDING 84 & 86 DES VOEUX ROAD CENTRAL CENTRAL HONG KONG,100,0.00%
B01343,展兆投資有限公司,ROOM 2202-3 22/F CHINA INSURANCE GROUP BUILDING 141 DES VOEUX ROAD CENTRAL HONG KONG,100,0.00%
B01447,貝塔國際證券有限公司,ROOM 3326 33/F CHINA MERCHANTS TOWER SHUN TAK CENTRE 168-200 CONNAUGHT RD CENTRAL SHEUNG WAN HONG KONG,100,0.00%
B01454,昊天國際證券有限公司,ROOM 2510-2518 25/F SHUI ON CENTRE 6-8 HARBOUR ROAD WANCHAI HONG KONG,100,0.00%
B01664,路華證券有限公司,UNIT 25B01 25/F FAR EAST FINANCE CENTER 16 HARCOURT ROAD ADMIRATLY HONG KONG,100,0.00%
B01857,佳兆業金融集團有限公司,30/F THE CENTER 99 QUEEN'S ROAD CENTRAL CENTRAL HONG KONG,100,0.00%
B01863,微投證券國際(香港)有限公司,FLAT 9-10A 10/F WING TUCK COMMERCIAL CENTRE 177-183 WING LOK STREET SHEUNG WAN HONG KONG,100,0.00%
B01920,天大証券有限公司,SUITES 2401-2410 24/F CITIC TOWER 1 TIM MEI AVENUE CENTRAL HONG KONG,100,0.00%
B01980,山證國際證券有限公司,UNIT A 29/F ADMIRALTY CENTRE TOWER 1 18 HARCOURT ROAD ADMIRALTY HONG KONG,100,0.00%
B01982,中州國際證券有限公司,ROOM 1304 13/F ADMIRALTY CENTRE TOWER 1 18 HARCOURT ROAD ADMIRALTY HONG KONG,100,0.00%
B02052,聖衡金融控股有限公司,UNIT 2107 21/F THE CENTER 99 QUEEN'S ROAD CENTRAL CENTRAL HONG KONG,100,0.00%
B02087,環球大通證券有限公司,UNIT 1203 12/F WEST TOWER SHUN TAK CENTRE 168-200 CONNAUGHT ROAD CENTRAL HONG KONG,100,0.00%
B02178,利高證券有限公司,UNIT 1202 12/F WEST EXCHANGE TOWER 322 DES VOEUX ROAD CENTRAL HONG KONG,100,0.00%
B01240,秦志遠證券有限公司,20/F MAN ON COMM BLDG 12 JUBILEE ST CENTRAL HONG KONG,47,0.00%
